split,sample_id,plant_family,trajectory_rmse
test,33,weakly_resonant_third_order,0.11339443176984787
test,38,weakly_resonant_third_order,0.1204732358455658
test,39,weakly_resonant_third_order,0.11352474987506866
test,40,weakly_resonant_third_order,0.29821449518203735
test,42,weakly_resonant_third_order,0.24063783884048462
test,112,overdamped_second_order,0.07882564514875412
test,113,overdamped_second_order,0.09703966230154037
test,114,overdamped_second_order,0.06894345581531525
test,115,overdamped_second_order,0.07075205445289612
test,116,overdamped_second_order,0.061429936438798904
test,117,overdamped_second_order,0.06142069026827812
test,118,overdamped_second_order,0.04611099883913994
test,119,overdamped_second_order,0.227117657661438
test,120,overdamped_second_order,0.04043449088931084
test,121,overdamped_second_order,0.06334462761878967
test,122,overdamped_second_order,0.09850478172302246
test,123,overdamped_second_order,0.06930427253246307
test,124,overdamped_second_order,0.09130511432886124
test,125,overdamped_second_order,0.05274253711104393
test,126,overdamped_second_order,0.49872565269470215
test,127,overdamped_second_order,0.520431399345398
test,129,third_order_mixed_real_complex,0.11228097230195999
test,130,third_order_mixed_real_complex,0.5390030741691589
test,131,third_order_mixed_real_complex,0.030174927785992622
test,132,third_order_mixed_real_complex,0.08365687727928162
test,135,third_order_mixed_real_complex,0.09867683798074722
test,137,third_order_mixed_real_complex,0.34486526250839233
test,138,third_order_mixed_real_complex,0.39216524362564087
test,140,third_order_mixed_real_complex,0.43636634945869446
test,141,third_order_mixed_real_complex,0.46139848232269287
test,143,third_order_mixed_real_complex,0.41846174001693726
test,161,third_order_mixed_real_complex,0.2016264796257019
test,164,third_order_mixed_real_complex,0.09606894850730896
test,165,third_order_mixed_real_complex,0.1014917865395546
test,166,third_order_mixed_real_complex,0.09959696978330612
test,168,third_order_mixed_real_complex,0.4717356860637665
test,170,third_order_mixed_real_complex,0.30581432580947876
test,174,third_order_mixed_real_complex,0.19597341120243073
test,175,third_order_mixed_real_complex,0.2515398859977722
test,290,weakly_resonant_third_order,0.24644498527050018
test,291,weakly_resonant_third_order,0.09159938246011734
test,294,weakly_resonant_third_order,0.19610345363616943
test,297,weakly_resonant_third_order,0.2095063328742981
test,302,weakly_resonant_third_order,0.48719239234924316
test,303,weakly_resonant_third_order,0.23782067000865936
test,416,overdamped_second_order,0.055564843118190765
test,417,overdamped_second_order,0.14367598295211792
test,418,overdamped_second_order,0.0871150940656662
test,421,overdamped_second_order,0.03688522055745125
test,422,overdamped_second_order,0.1019253134727478
test,423,overdamped_second_order,0.1931457370519638
test,425,overdamped_second_order,0.41080164909362793
test,427,overdamped_second_order,0.44282829761505127
test,428,overdamped_second_order,0.4092223644256592
test,429,overdamped_second_order,0.39915600419044495
test,431,overdamped_second_order,0.3555684983730316
test,448,underdamped_second_order,0.06371185183525085
test,450,underdamped_second_order,0.046210549771785736
test,451,underdamped_second_order,0.11593998223543167
test,453,underdamped_second_order,0.10764743387699127
test,458,underdamped_second_order,0.43073970079421997
test,461,underdamped_second_order,0.39254215359687805
test,462,underdamped_second_order,0.27852508425712585
test,624,third_order_real_poles,0.07061170786619186
test,625,third_order_real_poles,0.19903002679347992
test,626,third_order_real_poles,0.07726986706256866
test,627,third_order_real_poles,0.09650640934705734
test,628,third_order_real_poles,0.06113468110561371
test,630,third_order_real_poles,0.05306069552898407
test,631,third_order_real_poles,0.0701090544462204
test,632,third_order_real_poles,0.3902309238910675
test,635,third_order_real_poles,0.5885372161865234
test,636,third_order_real_poles,0.6141904592514038
test,637,third_order_real_poles,0.576391339302063
test,638,third_order_real_poles,0.40451642870903015
test,640,underdamped_second_order,0.04810510203242302
test,641,underdamped_second_order,0.032160334289073944
test,642,underdamped_second_order,0.045431505888700485
test,643,underdamped_second_order,0.03569280356168747
test,644,underdamped_second_order,0.10061181336641312
test,645,underdamped_second_order,0.056368835270404816
test,646,underdamped_second_order,0.03292292356491089
test,647,underdamped_second_order,0.2149481326341629
test,648,underdamped_second_order,0.17952442169189453
test,649,underdamped_second_order,0.03897770494222641
test,650,underdamped_second_order,0.07648095488548279
test,651,underdamped_second_order,0.0607212670147419
test,652,underdamped_second_order,0.03425988182425499
test,653,underdamped_second_order,0.03374393656849861
test,654,underdamped_second_order,0.07144532352685928
test,655,underdamped_second_order,0.03984157741069794
test,816,underdamped_second_order,0.1706593632698059
test,817,underdamped_second_order,0.05859225615859032
test,818,underdamped_second_order,0.057892609387636185
test,819,underdamped_second_order,0.06641582399606705
test,820,underdamped_second_order,0.038938529789447784
test,821,underdamped_second_order,0.03009410761296749
test,822,underdamped_second_order,0.06855610013008118
test,823,underdamped_second_order,0.1466180384159088
test,825,underdamped_second_order,0.35763004422187805
test,826,underdamped_second_order,0.2758753299713135
test,827,underdamped_second_order,0.3621450364589691
test,828,underdamped_second_order,0.3099733889102936
test,829,underdamped_second_order,0.37003621459007263
test,831,underdamped_second_order,0.33877092599868774
test,912,overdamped_second_order,0.09450317919254303
test,913,overdamped_second_order,0.04961928352713585
test,914,overdamped_second_order,0.07509873062372208
test,915,overdamped_second_order,0.05722438544034958
test,916,overdamped_second_order,0.11076857894659042
test,917,overdamped_second_order,0.08942803740501404
test,918,overdamped_second_order,0.05407538264989853
test,919,overdamped_second_order,0.06381715089082718
test,920,overdamped_second_order,0.10994953662157059
test,921,overdamped_second_order,0.04878212511539459
test,922,overdamped_second_order,0.10176831483840942
test,923,overdamped_second_order,0.0553194060921669
test,924,overdamped_second_order,0.04316136986017227
test,925,overdamped_second_order,0.037753935903310776
test,927,overdamped_second_order,0.5613834261894226
test,960,weakly_resonant_third_order,0.11574527621269226
test,962,weakly_resonant_third_order,0.09978694468736649
test,963,weakly_resonant_third_order,0.08858130872249603
test,965,weakly_resonant_third_order,0.14865639805793762
test,966,weakly_resonant_third_order,0.06231897324323654
test,971,weakly_resonant_third_order,0.2445669174194336
test,972,weakly_resonant_third_order,0.2557564079761505
test,973,weakly_resonant_third_order,0.3719601333141327
test,974,weakly_resonant_third_order,0.3509494364261627
test,1042,third_order_real_poles,0.029605668038129807
test,1047,third_order_real_poles,0.47541311383247375
test,1051,third_order_real_poles,0.42576858401298523
test,1053,third_order_real_poles,0.4836145341396332
test,1055,third_order_real_poles,0.3936411142349243
test,1104,first_order,0.044076453894376755
test,1105,first_order,0.03575826808810234
test,1106,first_order,0.027025630697607994
test,1107,first_order,0.02219175174832344
test,1108,first_order,0.04244981333613396
test,1109,first_order,0.03716054558753967
test,1110,first_order,0.056896403431892395
test,1111,first_order,0.04276955872774124
test,1112,first_order,0.01878245361149311
test,1113,first_order,0.03280491381883621
test,1114,first_order,0.03494321182370186
test,1115,first_order,0.03152768313884735
test,1116,first_order,0.07803096622228622
test,1117,first_order,0.12533457577228546
test,1118,first_order,0.034048132598400116
test,1119,first_order,0.10793047398328781
test,1536,weakly_resonant_third_order,0.05843621864914894
test,1537,weakly_resonant_third_order,0.06944839656352997
test,1538,weakly_resonant_third_order,0.06776151806116104
test,1539,weakly_resonant_third_order,0.07021210342645645
test,1540,weakly_resonant_third_order,0.07783423364162445
test,1541,weakly_resonant_third_order,0.07163302600383759
test,1542,weakly_resonant_third_order,0.11480625718832016
test,1543,weakly_resonant_third_order,0.12025532871484756
test,1544,weakly_resonant_third_order,0.12203938513994217
test,1545,weakly_resonant_third_order,0.11492472141981125
test,1546,weakly_resonant_third_order,0.09125689417123795
test,1547,weakly_resonant_third_order,0.11668222397565842
test,1548,weakly_resonant_third_order,0.12903602421283722
test,1549,weakly_resonant_third_order,0.06630215048789978
test,1550,weakly_resonant_third_order,0.08646832406520844
test,1551,weakly_resonant_third_order,0.16943004727363586
test,1568,overdamped_second_order,0.08510361611843109
test,1570,overdamped_second_order,0.04167303442955017
test,1572,overdamped_second_order,0.06894340366125107
test,1573,overdamped_second_order,0.05305928736925125
test,1574,overdamped_second_order,0.05733993649482727
test,1575,overdamped_second_order,0.06424888968467712
test,1576,overdamped_second_order,0.39044368267059326
test,1577,overdamped_second_order,0.21418923139572144
test,1578,overdamped_second_order,0.1567782610654831
test,1584,first_order,0.040562424808740616
test,1585,first_order,0.03184843808412552
test,1586,first_order,0.11019071191549301
test,1587,first_order,0.025718916207551956
test,1588,first_order,0.07193130254745483
test,1589,first_order,0.07004495710134506
test,1590,first_order,0.03643608093261719
test,1591,first_order,0.07575027644634247
test,1592,first_order,0.03598703071475029
test,1593,first_order,0.09782032668590546
test,1594,first_order,0.05761517956852913
test,1595,first_order,0.037305593490600586
test,1596,first_order,0.022552581503987312
test,1597,first_order,0.03859280049800873
test,1598,first_order,0.051181159913539886
test,1599,first_order,0.1619834303855896
test,1635,third_order_real_poles,0.06777764111757278
test,1637,third_order_real_poles,0.025938481092453003
test,1638,third_order_real_poles,0.17579391598701477
test,1642,third_order_real_poles,0.5184637904167175
test,1643,third_order_real_poles,0.4950312674045563
test,1646,third_order_real_poles,0.5201529264450073
test,1647,third_order_real_poles,0.5222023129463196
test,2017,weakly_resonant_third_order,0.11742135137319565
test,2019,weakly_resonant_third_order,0.09223219007253647
test,2021,weakly_resonant_third_order,0.17222411930561066
test,2022,weakly_resonant_third_order,0.08628170937299728
test,2024,weakly_resonant_third_order,0.3216685354709625
test,2027,weakly_resonant_third_order,0.1442594975233078
test,2029,weakly_resonant_third_order,0.10104712843894958
test,2030,weakly_resonant_third_order,0.4894636869430542
test,2128,first_order,0.05410711467266083
test,2129,first_order,0.04628032073378563
test,2130,first_order,0.0837852880358696
test,2131,first_order,0.042651377618312836
test,2132,first_order,0.049031343311071396
test,2133,first_order,0.035381462424993515
test,2134,first_order,0.04058253392577171
test,2135,first_order,0.027540074661374092
test,2136,first_order,0.05448925495147705
test,2137,first_order,0.016759369522333145
test,2138,first_order,0.037310026586055756
test,2139,first_order,0.1964668333530426
test,2140,first_order,0.030604122206568718
test,2141,first_order,0.12097200751304626
test,2142,first_order,0.05181614309549332
test,2143,first_order,0.06498819589614868
test,2144,third_order_mixed_real_complex,0.16831009089946747
test,2146,third_order_mixed_real_complex,0.06272371113300323
test,2147,third_order_mixed_real_complex,0.08409877866506577
test,2150,third_order_mixed_real_complex,0.10277039557695389
test,2152,third_order_mixed_real_complex,0.4833945035934448
test,2153,third_order_mixed_real_complex,0.39432939887046814
test,2154,third_order_mixed_real_complex,0.47514837980270386
test,2159,third_order_mixed_real_complex,0.4451238811016083
test,2208,second_order,0.0501033216714859
test,2210,second_order,0.04770198091864586
test,2212,second_order,0.062314312905073166
test,2213,second_order,0.06575661152601242
test,2214,second_order,0.09686259925365448
test,2215,second_order,0.1235162541270256
test,2217,second_order,0.3500959277153015
test,2220,second_order,0.479128360748291
test,2222,second_order,0.5204121470451355
test,2223,second_order,0.32176312804222107
test,2272,third_order_real_poles,0.09366057813167572
test,2273,third_order_real_poles,0.19678986072540283
test,2275,third_order_real_poles,0.46082422137260437
test,2277,third_order_real_poles,0.14153681695461273
test,2278,third_order_real_poles,0.1025768369436264
test,2279,third_order_real_poles,0.42960235476493835
test,2280,third_order_real_poles,0.5257772207260132
test,2281,third_order_real_poles,0.538573682308197
test,2283,third_order_real_poles,0.4763035476207733
test,2285,third_order_real_poles,0.5272403955459595
test,2448,second_order,0.09831919521093369
test,2449,second_order,0.04131900146603584
test,2450,second_order,0.04016542434692383
test,2451,second_order,0.04518791660666466
test,2452,second_order,0.043194480240345
test,2453,second_order,0.04258788004517555
test,2454,second_order,0.04225384071469307
test,2455,second_order,0.02353692799806595
test,2456,second_order,0.06110057607293129
test,2457,second_order,0.0485127717256546
test,2458,second_order,0.04678132385015488
test,2459,second_order,0.041813839226961136
test,2460,second_order,0.07808661460876465
test,2461,second_order,0.06696576625108719
test,2462,second_order,0.05174741894006729
test,2463,second_order,0.03764556720852852
test,2768,second_order,0.03347063809633255
test,2769,second_order,0.08898293972015381
test,2771,second_order,0.04085465893149376
test,2772,second_order,0.04300515353679657
test,2773,second_order,0.12273871898651123
test,2774,second_order,0.07465077191591263
test,2778,second_order,0.4763873219490051
test,2779,second_order,0.38963669538497925
test,2781,second_order,0.26349717378616333
test,2782,second_order,0.4922851324081421
test,2783,second_order,0.4962863326072693
test,3072,first_order,0.02897271327674389
test,3073,first_order,0.050263047218322754
test,3074,first_order,0.0314408577978611
test,3075,first_order,0.040411464869976044
test,3076,first_order,0.04081258177757263
test,3077,first_order,0.02401384525001049
test,3078,first_order,0.04268871992826462
test,3079,first_order,0.024385159835219383
test,3080,first_order,0.03016849420964718
test,3081,first_order,0.084317646920681
test,3082,first_order,0.05308018997311592
test,3083,first_order,0.04558661952614784
test,3084,first_order,0.19796200096607208
test,3085,first_order,0.03535066172480583
test,3086,first_order,0.036488331854343414
test,3087,first_order,0.03655475750565529
test,3104,weakly_resonant_third_order,0.07709964364767075
test,3106,weakly_resonant_third_order,0.16431939601898193
test,3108,weakly_resonant_third_order,0.06009603664278984
test,3109,weakly_resonant_third_order,0.1354953795671463
test,3113,weakly_resonant_third_order,0.5448401570320129
test,3137,second_order,0.08773298561573029
test,3138,second_order,0.13174083828926086
test,3139,second_order,0.09710735827684402
test,3140,second_order,0.03172829747200012
test,3142,second_order,0.04818951338529587
test,3143,second_order,0.09731856733560562
test,3144,second_order,0.49203330278396606
test,3145,second_order,0.3281644582748413
test,3147,second_order,0.4446873068809509
test,3148,second_order,0.3254772424697876
test,3168,second_order,0.11255186051130295
test,3169,second_order,0.23522959649562836
test,3170,second_order,0.24491319060325623
test,3172,second_order,0.08230490982532501
test,3174,second_order,0.08407267928123474
test,3176,second_order,0.3725140690803528
test,3177,second_order,0.44177207350730896
test,3178,second_order,0.42003583908081055
test,3179,second_order,0.35568350553512573
test,3180,second_order,0.3636171519756317
test,3181,second_order,0.4512661397457123
test,3183,second_order,0.43639498949050903
test,3216,underdamped_second_order,0.07686711847782135
test,3217,underdamped_second_order,0.04395072162151337
test,3220,underdamped_second_order,0.05696773901581764
test,3221,underdamped_second_order,0.1210462674498558
test,3223,underdamped_second_order,0.0923289880156517
test,3224,underdamped_second_order,0.3649555742740631
test,3225,underdamped_second_order,0.3366137146949768
test,3226,underdamped_second_order,0.3576003909111023
test,3229,underdamped_second_order,0.29160162806510925
test,3230,underdamped_second_order,0.39439302682876587
test,3392,second_order,0.03584537282586098
test,3393,second_order,0.06365345418453217
test,3394,second_order,0.04344470426440239
test,3395,second_order,0.18226173520088196
test,3396,second_order,0.042100243270397186
test,3397,second_order,0.016628030687570572
test,3398,second_order,0.028726862743496895
test,3399,second_order,0.06425057351589203
test,3400,second_order,0.044042203575372696
test,3401,second_order,0.07868225872516632
test,3402,second_order,0.030298730358481407
test,3403,second_order,0.029119186103343964
test,3404,second_order,0.02471144124865532
test,3405,second_order,0.038728002458810806
test,3406,second_order,0.04258457198739052
test,3407,second_order,0.166802316904068
test,3520,overdamped_second_order,0.059606436640024185
test,3522,overdamped_second_order,0.06529540568590164
test,3524,overdamped_second_order,0.11218950897455215
test,3525,overdamped_second_order,0.04728251323103905
test,3527,overdamped_second_order,0.06384924054145813
test,3528,overdamped_second_order,0.5691980123519897
test,3529,overdamped_second_order,0.44016924500465393
test,3531,overdamped_second_order,0.3924053907394409
test,3532,overdamped_second_order,0.5143265724182129
test,3534,overdamped_second_order,0.5958129167556763
test,3680,overdamped_second_order,0.042836662381887436
test,3681,overdamped_second_order,0.06769677251577377
test,3682,overdamped_second_order,0.05805462971329689
test,3683,overdamped_second_order,0.31425783038139343
test,3684,overdamped_second_order,0.0420406199991703
test,3686,overdamped_second_order,0.05531605705618858
test,3687,overdamped_second_order,0.3646644055843353
test,3688,overdamped_second_order,0.4554256498813629
test,3690,overdamped_second_order,0.35904523730278015
test,3691,overdamped_second_order,0.3955148458480835
test,3694,overdamped_second_order,0.6265439391136169
test,3744,second_order,0.10205267369747162
test,3745,second_order,0.10396016389131546
test,3746,second_order,0.03976769745349884
test,3747,second_order,0.10662399977445602
test,3748,second_order,0.07589156925678253
test,3750,second_order,0.11295367777347565
test,3751,second_order,0.13258019089698792
test,3752,second_order,0.44727611541748047
test,3754,second_order,0.3457711935043335
test,3755,second_order,0.476919025182724
test,3756,second_order,0.48577818274497986
test,3757,second_order,0.3735005259513855
test,4240,underdamped_second_order,0.15393635630607605
test,4241,underdamped_second_order,0.15100304782390594
test,4244,underdamped_second_order,0.046542778611183167
test,4245,underdamped_second_order,0.12164227664470673
test,4247,underdamped_second_order,0.055955979973077774
test,4254,underdamped_second_order,0.3944607079029083
test,4255,underdamped_second_order,0.33998122811317444
test,4432,third_order_mixed_real_complex,0.09474167227745056
test,4433,third_order_mixed_real_complex,0.11408848315477371
test,4434,third_order_mixed_real_complex,0.11037589609622955
test,4436,third_order_mixed_real_complex,0.06978324055671692
test,4437,third_order_mixed_real_complex,0.056179989129304886
test,4439,third_order_mixed_real_complex,0.048485975712537766
test,4440,third_order_mixed_real_complex,0.38289737701416016
test,4441,third_order_mixed_real_complex,0.3526323139667511
test,4442,third_order_mixed_real_complex,0.3361634910106659
test,4443,third_order_mixed_real_complex,0.22880184650421143
test,4445,third_order_mixed_real_complex,0.31368088722229004
test,4560,first_order,0.07134540379047394
test,4561,first_order,0.08254076540470123
test,4562,first_order,0.05034148320555687
test,4563,first_order,0.0278088990598917
test,4564,first_order,0.08052114397287369
test,4565,first_order,0.053077325224876404
test,4566,first_order,0.035751018673181534
test,4567,first_order,0.07081548124551773
test,4568,first_order,0.024287130683660507
test,4569,first_order,0.030156021937727928
test,4570,first_order,0.05066146329045296
test,4571,first_order,0.07527205348014832
test,4572,first_order,0.04802509397268295
test,4573,first_order,0.046532247215509415
test,4574,first_order,0.044134218245744705
test,4575,first_order,0.06002071499824524
test,4882,third_order_mixed_real_complex,0.11667170375585556
test,4885,third_order_mixed_real_complex,0.07598119229078293
test,4887,third_order_mixed_real_complex,0.06398726999759674
test,4890,third_order_mixed_real_complex,0.43511784076690674
test,4891,third_order_mixed_real_complex,0.3131786286830902
test,4893,third_order_mixed_real_complex,0.364810585975647
test,5008,underdamped_second_order,0.1302669197320938
test,5010,underdamped_second_order,0.07491900026798248
test,5011,underdamped_second_order,0.06976894289255142
test,5013,underdamped_second_order,0.12952370941638947
test,5015,underdamped_second_order,0.0831700786948204
test,5016,underdamped_second_order,0.2833274304866791
test,5017,underdamped_second_order,0.22648508846759796
test,5018,underdamped_second_order,0.229357048869133
test,5019,underdamped_second_order,0.2540808320045471
test,5020,underdamped_second_order,0.2444024682044983
test,5021,underdamped_second_order,0.24066586792469025
test,5022,underdamped_second_order,0.26197150349617004
test,5168,third_order_real_poles,0.05940958485007286
test,5169,third_order_real_poles,0.47626814246177673
test,5170,third_order_real_poles,0.30901989340782166
test,5172,third_order_real_poles,0.16298626363277435
test,5176,third_order_real_poles,0.5641694664955139
test,5177,third_order_real_poles,0.43614399433135986
test,5181,third_order_real_poles,0.413541704416275
test,5182,third_order_real_poles,0.5442624092102051
test,5183,third_order_real_poles,0.47222256660461426
test,5280,first_order,0.03409198671579361
test,5281,first_order,0.033318981528282166
test,5282,first_order,0.03719098120927811
test,5283,first_order,0.05062739923596382
test,5284,first_order,0.04279714450240135
test,5285,first_order,0.034939058125019073
test,5286,first_order,0.022698618471622467
test,5287,first_order,0.03832746297121048
test,5288,first_order,0.04381754249334335
test,5289,first_order,0.0284853707998991
test,5290,first_order,0.02337072417140007
test,5291,first_order,0.1747901737689972
test,5292,first_order,0.1787232607603073
test,5293,first_order,0.09093142300844193
test,5294,first_order,0.02435089461505413
test,5295,first_order,0.03734702616930008
test,5440,third_order_real_poles,0.10826467722654343
test,5441,third_order_real_poles,0.12691818177700043
test,5442,third_order_real_poles,0.1681082546710968
test,5443,third_order_real_poles,0.08367941528558731
test,5444,third_order_real_poles,0.032333534210920334
test,5445,third_order_real_poles,0.04874599725008011
test,5446,third_order_real_poles,0.07247549295425415
test,5447,third_order_real_poles,0.04971936717629433
test,5448,third_order_real_poles,0.4029153883457184
test,5449,third_order_real_poles,0.41924595832824707
test,5450,third_order_real_poles,0.5547656416893005
test,5451,third_order_real_poles,0.32379668951034546
test,5452,third_order_real_poles,0.464195191860199
test,5454,third_order_real_poles,0.5592348575592041
test,5455,third_order_real_poles,0.5198941826820374
test,5538,underdamped_second_order,0.03688768669962883
test,5540,underdamped_second_order,0.20399169623851776
test,5541,underdamped_second_order,0.11051993817090988
test,5542,underdamped_second_order,0.04610346257686615
test,5545,underdamped_second_order,0.42602741718292236
test,5546,underdamped_second_order,0.41975414752960205
test,5551,underdamped_second_order,0.412058562040329
test,5648,third_order_mixed_real_complex,0.03712661564350128
test,5650,third_order_mixed_real_complex,0.07063083350658417
test,5654,third_order_mixed_real_complex,0.059881433844566345
test,5659,third_order_mixed_real_complex,0.4079512357711792
test,5661,third_order_mixed_real_complex,0.446015864610672
test,5662,third_order_mixed_real_complex,0.37994012236595154
test,5663,third_order_mixed_real_complex,0.40598341822624207
test,5664,first_order,0.02598998323082924
test,5665,first_order,0.0396590493619442
test,5666,first_order,0.026696424931287766
test,5667,first_order,0.09409400820732117
test,5668,first_order,0.13161365687847137
test,5669,first_order,0.047249969094991684
test,5670,first_order,0.11300330609083176
test,5671,first_order,0.027228206396102905
test,5672,first_order,0.11812623590230942
test,5673,first_order,0.05673057213425636
test,5674,first_order,0.05013760179281235
test,5675,first_order,0.04465445503592491
test,5676,first_order,0.02357279323041439
test,5677,first_order,0.029251307249069214
test,5678,first_order,0.030401645228266716
test,5679,first_order,0.052101582288742065
test,5680,third_order_mixed_real_complex,0.03883311524987221
test,5682,third_order_mixed_real_complex,0.12995409965515137
test,5683,third_order_mixed_real_complex,0.05306919664144516
test,5684,third_order_mixed_real_complex,0.12840408086776733
test,5685,third_order_mixed_real_complex,0.08724860101938248
test,5687,third_order_mixed_real_complex,0.039316851645708084
test,5689,third_order_mixed_real_complex,0.47207701206207275
test,5692,third_order_mixed_real_complex,0.408351331949234
test,5694,third_order_mixed_real_complex,0.5481591820716858
test,5695,third_order_mixed_real_complex,0.5791268944740295
ood_test,16,lightly_damped_second_order,0.09212514013051987
ood_test,17,lightly_damped_second_order,0.18443197011947632
ood_test,18,lightly_damped_second_order,0.059481553733348846
ood_test,20,lightly_damped_second_order,0.054807331413030624
ood_test,21,lightly_damped_second_order,0.059765204787254333
ood_test,23,lightly_damped_second_order,0.10428635030984879
ood_test,30,lightly_damped_second_order,0.12763351202011108
ood_test,192,lightly_damped_second_order,0.0353555791079998
ood_test,193,lightly_damped_second_order,0.1064162403345108
ood_test,194,lightly_damped_second_order,0.27424564957618713
ood_test,195,lightly_damped_second_order,0.05297578126192093
ood_test,196,lightly_damped_second_order,0.09082388877868652
ood_test,197,lightly_damped_second_order,0.06149730831384659
ood_test,198,lightly_damped_second_order,0.14199402928352356
ood_test,202,lightly_damped_second_order,0.12529872357845306
ood_test,205,lightly_damped_second_order,0.10328248888254166
ood_test,206,lightly_damped_second_order,0.1271657794713974
ood_test,208,lightly_damped_second_order,0.07904669642448425
ood_test,209,lightly_damped_second_order,0.07425804436206818
ood_test,210,lightly_damped_second_order,0.06201906129717827
ood_test,211,lightly_damped_second_order,0.040840767323970795
ood_test,212,lightly_damped_second_order,0.1310391128063202
ood_test,213,lightly_damped_second_order,0.2674969732761383
ood_test,214,lightly_damped_second_order,0.07868492603302002
ood_test,215,lightly_damped_second_order,0.20569783449172974
ood_test,216,lightly_damped_second_order,0.07319916039705276
ood_test,217,lightly_damped_second_order,0.13517877459526062
ood_test,221,lightly_damped_second_order,0.12996752560138702
ood_test,222,lightly_damped_second_order,0.13235296308994293
ood_test,223,lightly_damped_second_order,0.2520357370376587
ood_test,353,lightly_damped_second_order,0.13264310359954834
ood_test,355,lightly_damped_second_order,0.11433716863393784
ood_test,356,lightly_damped_second_order,0.524275004863739
ood_test,357,lightly_damped_second_order,0.4878503382205963
ood_test,359,lightly_damped_second_order,0.25625544786453247
ood_test,365,lightly_damped_second_order,0.12859408557415009
ood_test,367,lightly_damped_second_order,0.4768507480621338
ood_test,560,lightly_damped_second_order,0.09618184715509415
ood_test,561,lightly_damped_second_order,0.3736758828163147
ood_test,562,lightly_damped_second_order,0.3080621063709259
ood_test,563,lightly_damped_second_order,0.07017846405506134
ood_test,564,lightly_damped_second_order,0.15639474987983704
ood_test,566,lightly_damped_second_order,0.042426250874996185
ood_test,567,lightly_damped_second_order,0.06392478197813034
ood_test,568,lightly_damped_second_order,0.21359604597091675
ood_test,572,lightly_damped_second_order,0.4671933054924011
ood_test,608,lightly_damped_second_order,0.3320606052875519
ood_test,609,lightly_damped_second_order,0.050665054470300674
ood_test,610,lightly_damped_second_order,0.07747093588113785
ood_test,611,lightly_damped_second_order,0.0813882052898407
ood_test,613,lightly_damped_second_order,0.08988083899021149
ood_test,614,lightly_damped_second_order,0.1850285530090332
ood_test,616,lightly_damped_second_order,0.38038569688796997
ood_test,618,lightly_damped_second_order,0.3911972641944885
ood_test,621,lightly_damped_second_order,0.11714046448469162
ood_test,623,lightly_damped_second_order,0.11672545224428177
ood_test,752,lightly_damped_second_order,0.05533032491803169
ood_test,753,lightly_damped_second_order,0.07030626386404037
ood_test,754,lightly_damped_second_order,0.07134564965963364
ood_test,755,lightly_damped_second_order,0.2078702747821808
ood_test,756,lightly_damped_second_order,0.10192660242319107
ood_test,758,lightly_damped_second_order,0.04093886539340019
ood_test,759,lightly_damped_second_order,0.2894483804702759
ood_test,764,lightly_damped_second_order,0.25783178210258484
ood_test,765,lightly_damped_second_order,0.14783701300621033
ood_test,766,lightly_damped_second_order,0.25706374645233154
ood_test,1057,lightly_damped_second_order,0.1212717816233635
ood_test,1058,lightly_damped_second_order,0.10162992030382156
ood_test,1059,lightly_damped_second_order,0.22671355307102203
ood_test,1060,lightly_damped_second_order,0.05758531019091606
ood_test,1061,lightly_damped_second_order,0.08985981345176697
ood_test,1062,lightly_damped_second_order,0.07961854338645935
ood_test,1063,lightly_damped_second_order,0.06267957389354706
ood_test,1064,lightly_damped_second_order,0.28326019644737244
ood_test,1065,lightly_damped_second_order,0.23842750489711761
ood_test,1067,lightly_damped_second_order,0.21558137238025665
ood_test,1068,lightly_damped_second_order,0.24858644604682922
ood_test,1120,lightly_damped_second_order,0.0638604462146759
ood_test,1121,lightly_damped_second_order,0.04766605794429779
ood_test,1122,lightly_damped_second_order,0.09043242782354355
ood_test,1123,lightly_damped_second_order,0.05464375391602516
ood_test,1125,lightly_damped_second_order,0.09592794626951218
ood_test,1126,lightly_damped_second_order,0.08471078425645828
ood_test,1127,lightly_damped_second_order,0.04528200253844261
ood_test,1129,lightly_damped_second_order,0.3257724940776825
ood_test,1130,lightly_damped_second_order,0.3662765324115753
ood_test,1132,lightly_damped_second_order,0.4087817668914795
ood_test,1133,lightly_damped_second_order,0.36847132444381714
ood_test,1135,lightly_damped_second_order,0.34670910239219666
ood_test,1312,lightly_damped_second_order,0.1728760302066803
ood_test,1313,lightly_damped_second_order,0.06951482594013214
ood_test,1314,lightly_damped_second_order,0.104950450360775
ood_test,1315,lightly_damped_second_order,0.059394121170043945
ood_test,1316,lightly_damped_second_order,0.22827252745628357
ood_test,1319,lightly_damped_second_order,0.09533018618822098
ood_test,1320,lightly_damped_second_order,0.12435107678174973
ood_test,1322,lightly_damped_second_order,0.10323990881443024
ood_test,1323,lightly_damped_second_order,0.2912456691265106
ood_test,1324,lightly_damped_second_order,0.26440972089767456
ood_test,1326,lightly_damped_second_order,0.2003815472126007
ood_test,1360,lightly_damped_second_order,0.17457596957683563
ood_test,1361,lightly_damped_second_order,0.13160717487335205
ood_test,1362,lightly_damped_second_order,0.0723026916384697
ood_test,1365,lightly_damped_second_order,0.3088211119174957
ood_test,1366,lightly_damped_second_order,0.4335691034793854
ood_test,1367,lightly_damped_second_order,0.15284363925457
ood_test,1369,lightly_damped_second_order,0.37561580538749695
ood_test,1371,lightly_damped_second_order,0.060553498566150665
ood_test,1373,lightly_damped_second_order,0.061921652406454086
ood_test,1375,lightly_damped_second_order,0.14533519744873047
ood_test,1472,lightly_damped_second_order,0.14261095225811005
ood_test,1473,lightly_damped_second_order,0.028961261734366417
ood_test,1474,lightly_damped_second_order,0.04705687239766121
ood_test,1475,lightly_damped_second_order,0.1648043394088745
ood_test,1476,lightly_damped_second_order,0.05022886022925377
ood_test,1477,lightly_damped_second_order,0.09643128514289856
ood_test,1479,lightly_damped_second_order,0.05480668321251869
ood_test,1480,lightly_damped_second_order,0.2075066715478897
ood_test,1481,lightly_damped_second_order,0.37965095043182373
ood_test,1482,lightly_damped_second_order,0.25267696380615234
ood_test,1485,lightly_damped_second_order,0.3156856298446655
ood_test,1486,lightly_damped_second_order,0.29641664028167725
ood_test,1487,lightly_damped_second_order,0.18688425421714783
ood_test,1504,lightly_damped_second_order,0.08248204737901688
ood_test,1505,lightly_damped_second_order,0.04794615879654884
ood_test,1506,lightly_damped_second_order,0.030750686302781105
ood_test,1507,lightly_damped_second_order,0.03436028212308884
ood_test,1508,lightly_damped_second_order,0.33045539259910583
ood_test,1509,lightly_damped_second_order,0.051281243562698364
ood_test,1510,lightly_damped_second_order,0.046894606202840805
ood_test,1511,lightly_damped_second_order,0.043652698397636414
ood_test,1512,lightly_damped_second_order,0.10024687647819519
ood_test,1513,lightly_damped_second_order,0.043890245258808136
ood_test,1514,lightly_damped_second_order,0.06814838945865631
ood_test,1515,lightly_damped_second_order,0.048957496881484985
ood_test,1516,lightly_damped_second_order,0.04877600073814392
ood_test,1517,lightly_damped_second_order,0.036365341395139694
ood_test,1518,lightly_damped_second_order,0.04623379185795784
ood_test,1519,lightly_damped_second_order,0.05319903790950775
ood_test,1696,lightly_damped_second_order,0.07225887477397919
ood_test,1697,lightly_damped_second_order,0.12290817499160767
ood_test,1698,lightly_damped_second_order,0.044326022267341614
ood_test,1699,lightly_damped_second_order,0.14726482331752777
ood_test,1700,lightly_damped_second_order,0.0661548599600792
ood_test,1701,lightly_damped_second_order,0.08283630758523941
ood_test,1702,lightly_damped_second_order,0.06157882139086723
ood_test,1703,lightly_damped_second_order,0.078694187104702
ood_test,1704,lightly_damped_second_order,0.051807329058647156
ood_test,1705,lightly_damped_second_order,0.18386170268058777
ood_test,1706,lightly_damped_second_order,0.37531542778015137
ood_test,1707,lightly_damped_second_order,0.21898232400417328
ood_test,1708,lightly_damped_second_order,0.0792727842926979
ood_test,1710,lightly_damped_second_order,0.40273281931877136
ood_test,1712,lightly_damped_second_order,0.0773925706744194
ood_test,1713,lightly_damped_second_order,0.04358317330479622
ood_test,1714,lightly_damped_second_order,0.13395541906356812
ood_test,1715,lightly_damped_second_order,0.11033757030963898
ood_test,1716,lightly_damped_second_order,0.18437232077121735
ood_test,1717,lightly_damped_second_order,0.0967540517449379
ood_test,1718,lightly_damped_second_order,0.06620828807353973
ood_test,1719,lightly_damped_second_order,0.06877511739730835
ood_test,1720,lightly_damped_second_order,0.15393951535224915
ood_test,1721,lightly_damped_second_order,0.07215861231088638
ood_test,1722,lightly_damped_second_order,0.10513931512832642
ood_test,1723,lightly_damped_second_order,0.1028895303606987
ood_test,1724,lightly_damped_second_order,0.10005363076925278
ood_test,1727,lightly_damped_second_order,0.28868693113327026
ood_test,1920,lightly_damped_second_order,0.23921899497509003
ood_test,1921,lightly_damped_second_order,0.1483582705259323
ood_test,1923,lightly_damped_second_order,0.02361478842794895
ood_test,1925,lightly_damped_second_order,0.20627138018608093
ood_test,1927,lightly_damped_second_order,0.33978691697120667
ood_test,1929,lightly_damped_second_order,0.4246377944946289
ood_test,1931,lightly_damped_second_order,0.3755001723766327
ood_test,1932,lightly_damped_second_order,0.12619848549365997
ood_test,1933,lightly_damped_second_order,0.37832409143447876
ood_test,1934,lightly_damped_second_order,0.18296770751476288
ood_test,1935,lightly_damped_second_order,0.5685606598854065
ood_test,2000,lightly_damped_second_order,0.15418876707553864
ood_test,2002,lightly_damped_second_order,0.09160542488098145
ood_test,2003,lightly_damped_second_order,0.08455553650856018
ood_test,2004,lightly_damped_second_order,0.07166502624750137
ood_test,2005,lightly_damped_second_order,0.12022067606449127
ood_test,2006,lightly_damped_second_order,0.08031544089317322
ood_test,2007,lightly_damped_second_order,0.16310207545757294
ood_test,2008,lightly_damped_second_order,0.10413430631160736
ood_test,2009,lightly_damped_second_order,0.18833290040493011
ood_test,2011,lightly_damped_second_order,0.34432899951934814
ood_test,2113,lightly_damped_second_order,0.12256870418787003
ood_test,2114,lightly_damped_second_order,0.07937656342983246
ood_test,2115,lightly_damped_second_order,0.11237716674804688
ood_test,2116,lightly_damped_second_order,0.09380705654621124
ood_test,2117,lightly_damped_second_order,0.0845060795545578
ood_test,2121,lightly_damped_second_order,0.1521013379096985
ood_test,2122,lightly_damped_second_order,0.12095674872398376
ood_test,2126,lightly_damped_second_order,0.14694592356681824
ood_test,2127,lightly_damped_second_order,0.1481752097606659
ood_test,2352,lightly_damped_second_order,0.05049283802509308
ood_test,2353,lightly_damped_second_order,0.055246107280254364
ood_test,2354,lightly_damped_second_order,0.07014091312885284
ood_test,2355,lightly_damped_second_order,0.05944524705410004
ood_test,2356,lightly_damped_second_order,0.1594347059726715
ood_test,2357,lightly_damped_second_order,0.05130770802497864
ood_test,2358,lightly_damped_second_order,0.12002753466367722
ood_test,2359,lightly_damped_second_order,0.07159093767404556
ood_test,2360,lightly_damped_second_order,0.13770020008087158
ood_test,2361,lightly_damped_second_order,0.06542858481407166
ood_test,2362,lightly_damped_second_order,0.06586115062236786
ood_test,2363,lightly_damped_second_order,0.046767883002758026
ood_test,2364,lightly_damped_second_order,0.05172297731041908
ood_test,2365,lightly_damped_second_order,0.03905065357685089
ood_test,2366,lightly_damped_second_order,0.04531650245189667
ood_test,2367,lightly_damped_second_order,0.08710384368896484
ood_test,2384,lightly_damped_second_order,0.09031897038221359
ood_test,2387,lightly_damped_second_order,0.12466520816087723
ood_test,2388,lightly_damped_second_order,0.06774496287107468
ood_test,2391,lightly_damped_second_order,0.06789367645978928
ood_test,2397,lightly_damped_second_order,0.07993815839290619
ood_test,2480,lightly_damped_second_order,0.20023655891418457
ood_test,2481,lightly_damped_second_order,0.05701884254813194
ood_test,2482,lightly_damped_second_order,0.14120255410671234
ood_test,2483,lightly_damped_second_order,0.07234706729650497
ood_test,2484,lightly_damped_second_order,0.076072558760643
ood_test,2485,lightly_damped_second_order,0.26251134276390076
ood_test,2486,lightly_damped_second_order,0.12827597558498383
ood_test,2487,lightly_damped_second_order,0.22617392241954803
ood_test,2488,lightly_damped_second_order,0.13778938353061676
ood_test,2640,lightly_damped_second_order,0.2557540535926819
ood_test,2641,lightly_damped_second_order,0.026932019740343094
ood_test,2642,lightly_damped_second_order,0.07191458344459534
ood_test,2643,lightly_damped_second_order,0.07030755281448364
ood_test,2644,lightly_damped_second_order,0.10881339758634567
ood_test,2645,lightly_damped_second_order,0.1755640208721161
ood_test,2646,lightly_damped_second_order,0.03890357166528702
ood_test,2647,lightly_damped_second_order,0.2277582436800003
ood_test,2648,lightly_damped_second_order,0.0623016320168972
ood_test,2650,lightly_damped_second_order,0.5443133115768433
ood_test,2653,lightly_damped_second_order,0.37953129410743713
ood_test,2655,lightly_damped_second_order,0.48659130930900574
ood_test,2816,lightly_damped_second_order,0.09624101221561432
ood_test,2817,lightly_damped_second_order,0.0918961688876152
ood_test,2818,lightly_damped_second_order,0.07657545059919357
ood_test,2819,lightly_damped_second_order,0.14186647534370422
ood_test,2823,lightly_damped_second_order,0.08272472023963928
ood_test,2824,lightly_damped_second_order,0.4019944667816162
ood_test,2825,lightly_damped_second_order,0.37435948848724365
ood_test,2827,lightly_damped_second_order,0.46823978424072266
ood_test,2828,lightly_damped_second_order,0.15094344317913055
ood_test,2829,lightly_damped_second_order,0.32390451431274414
ood_test,2864,lightly_damped_second_order,0.09278500825166702
ood_test,2866,lightly_damped_second_order,0.11676870286464691
ood_test,2867,lightly_damped_second_order,0.0879872664809227
ood_test,2869,lightly_damped_second_order,0.048774462193250656
ood_test,2870,lightly_damped_second_order,0.08923643827438354
ood_test,2871,lightly_damped_second_order,0.19250117242336273
ood_test,2872,lightly_damped_second_order,0.22933684289455414
ood_test,2874,lightly_damped_second_order,0.5449889302253723
ood_test,2876,lightly_damped_second_order,0.4223588705062866
ood_test,2877,lightly_damped_second_order,0.38847196102142334
ood_test,2878,lightly_damped_second_order,0.4838659465312958
ood_test,2944,lightly_damped_second_order,0.15539488196372986
ood_test,2945,lightly_damped_second_order,0.060327280312776566
ood_test,2946,lightly_damped_second_order,0.10342218726873398
ood_test,2947,lightly_damped_second_order,0.09550946205854416
ood_test,2948,lightly_damped_second_order,0.11461054533720016
ood_test,2950,lightly_damped_second_order,0.05349244549870491
ood_test,2951,lightly_damped_second_order,0.07008642703294754
ood_test,3040,lightly_damped_second_order,0.0632905513048172
ood_test,3041,lightly_damped_second_order,0.056827839463949203
ood_test,3042,lightly_damped_second_order,0.17413371801376343
ood_test,3043,lightly_damped_second_order,0.027158569544553757
ood_test,3044,lightly_damped_second_order,0.02766408398747444
ood_test,3045,lightly_damped_second_order,0.057511106133461
ood_test,3047,lightly_damped_second_order,0.0780203565955162
ood_test,3049,lightly_damped_second_order,0.2579757869243622
ood_test,3050,lightly_damped_second_order,0.14542211592197418
ood_test,3051,lightly_damped_second_order,0.15376883745193481
ood_test,3053,lightly_damped_second_order,0.2801455557346344
ood_test,3088,lightly_damped_second_order,0.06451629102230072
ood_test,3089,lightly_damped_second_order,0.07425127178430557
ood_test,3090,lightly_damped_second_order,0.07646074891090393
ood_test,3091,lightly_damped_second_order,0.04845196008682251
ood_test,3092,lightly_damped_second_order,0.172744020819664
ood_test,3093,lightly_damped_second_order,0.07913678139448166
ood_test,3094,lightly_damped_second_order,0.0781172662973404
ood_test,3095,lightly_damped_second_order,0.06729432940483093
ood_test,3096,lightly_damped_second_order,0.029936427250504494
ood_test,3097,lightly_damped_second_order,0.1072605773806572
ood_test,3098,lightly_damped_second_order,0.09382858127355576
ood_test,3099,lightly_damped_second_order,0.06561228632926941
ood_test,3102,lightly_damped_second_order,0.48749902844429016
ood_test,3103,lightly_damped_second_order,0.5141399502754211
ood_test,3200,lightly_damped_second_order,0.12484800815582275
ood_test,3201,lightly_damped_second_order,0.139699786901474
ood_test,3202,lightly_damped_second_order,0.1086798757314682
ood_test,3204,lightly_damped_second_order,0.04371711239218712
ood_test,3205,lightly_damped_second_order,0.18903593719005585
ood_test,3206,lightly_damped_second_order,0.2826276421546936
ood_test,3207,lightly_damped_second_order,0.25913184881210327
ood_test,3208,lightly_damped_second_order,0.40205880999565125
ood_test,3209,lightly_damped_second_order,0.3296177387237549
ood_test,3210,lightly_damped_second_order,0.15657757222652435
ood_test,3212,lightly_damped_second_order,0.12164682894945145
ood_test,3213,lightly_damped_second_order,0.40058034658432007
ood_test,3214,lightly_damped_second_order,0.36016151309013367
ood_test,3215,lightly_damped_second_order,0.33520451188087463
ood_test,3248,lightly_damped_second_order,0.10745386779308319
ood_test,3249,lightly_damped_second_order,0.11986713856458664
ood_test,3250,lightly_damped_second_order,0.07092715054750443
ood_test,3251,lightly_damped_second_order,0.1039888858795166
ood_test,3252,lightly_damped_second_order,0.0965731218457222
ood_test,3253,lightly_damped_second_order,0.09204825758934021
ood_test,3255,lightly_damped_second_order,0.04187820479273796
ood_test,3259,lightly_damped_second_order,0.16246184706687927
ood_test,3261,lightly_damped_second_order,0.23494382202625275
ood_test,3263,lightly_damped_second_order,0.22070391476154327
ood_test,3265,lightly_damped_second_order,0.27671658992767334
ood_test,3267,lightly_damped_second_order,0.0974298045039177
ood_test,3268,lightly_damped_second_order,0.08168787509202957
ood_test,3270,lightly_damped_second_order,0.2454078048467636
ood_test,3271,lightly_damped_second_order,0.14586949348449707
ood_test,3280,lightly_damped_second_order,0.12450005859136581
ood_test,3281,lightly_damped_second_order,0.08984754234552383
ood_test,3282,lightly_damped_second_order,0.28275546431541443
ood_test,3283,lightly_damped_second_order,0.04118956997990608
ood_test,3284,lightly_damped_second_order,0.2647487223148346
ood_test,3285,lightly_damped_second_order,0.23766207695007324
ood_test,3286,lightly_damped_second_order,0.09270652383565903
ood_test,3287,lightly_damped_second_order,0.3110238313674927
ood_test,3288,lightly_damped_second_order,0.1882401555776596
ood_test,3294,lightly_damped_second_order,0.15678006410598755
ood_test,3295,lightly_damped_second_order,0.18652109801769257
ood_test,3408,lightly_damped_second_order,0.20872986316680908
ood_test,3409,lightly_damped_second_order,0.12069914489984512
ood_test,3411,lightly_damped_second_order,0.12461251020431519
ood_test,3412,lightly_damped_second_order,0.04978178068995476
ood_test,3414,lightly_damped_second_order,0.15212011337280273
ood_test,3415,lightly_damped_second_order,0.08296585083007812
ood_test,3472,lightly_damped_second_order,0.07957293838262558
ood_test,3473,lightly_damped_second_order,0.16891469061374664
ood_test,3474,lightly_damped_second_order,0.3595640957355499
ood_test,3475,lightly_damped_second_order,0.1093471497297287
ood_test,3476,lightly_damped_second_order,0.0547892190515995
ood_test,3477,lightly_damped_second_order,0.10661685466766357
ood_test,3478,lightly_damped_second_order,0.07816720753908157
ood_test,3479,lightly_damped_second_order,0.05566111207008362
ood_test,3483,lightly_damped_second_order,0.3876640200614929
ood_test,3484,lightly_damped_second_order,0.329393208026886
ood_test,3485,lightly_damped_second_order,0.47021013498306274
ood_test,3488,lightly_damped_second_order,0.07703292369842529
ood_test,3489,lightly_damped_second_order,0.06754804402589798
ood_test,3490,lightly_damped_second_order,0.04100152477622032
ood_test,3491,lightly_damped_second_order,0.065129354596138
ood_test,3492,lightly_damped_second_order,0.041101809591054916
ood_test,3493,lightly_damped_second_order,0.04035358503460884
ood_test,3494,lightly_damped_second_order,0.04713459685444832
ood_test,3495,lightly_damped_second_order,0.09132072329521179
ood_test,3496,lightly_damped_second_order,0.05659036710858345
ood_test,3497,lightly_damped_second_order,0.11540837585926056
ood_test,3498,lightly_damped_second_order,0.04337671026587486
ood_test,3499,lightly_damped_second_order,0.2799568474292755
ood_test,3500,lightly_damped_second_order,0.2475181668996811
ood_test,3501,lightly_damped_second_order,0.08649396151304245
ood_test,3502,lightly_damped_second_order,0.250183641910553
ood_test,3503,lightly_damped_second_order,0.05791543424129486
ood_test,3776,lightly_damped_second_order,0.1152377650141716
ood_test,3777,lightly_damped_second_order,0.09595923870801926
ood_test,3779,lightly_damped_second_order,0.20925404131412506
ood_test,3780,lightly_damped_second_order,0.3164953291416168
ood_test,3781,lightly_damped_second_order,0.07036703079938889
ood_test,3782,lightly_damped_second_order,0.10197579115629196
ood_test,3783,lightly_damped_second_order,0.05654796585440636
ood_test,3784,lightly_damped_second_order,0.13598249852657318
ood_test,3785,lightly_damped_second_order,0.34047770500183105
ood_test,3786,lightly_damped_second_order,0.33856749534606934
ood_test,3788,lightly_damped_second_order,0.17427685856819153
ood_test,3824,lightly_damped_second_order,0.10156892240047455
ood_test,3825,lightly_damped_second_order,0.2446342259645462
ood_test,3827,lightly_damped_second_order,0.1360298991203308
ood_test,3828,lightly_damped_second_order,0.057013895362615585
ood_test,3829,lightly_damped_second_order,0.11398670077323914
ood_test,3830,lightly_damped_second_order,0.2034274786710739
ood_test,3831,lightly_damped_second_order,0.16042956709861755
ood_test,3837,lightly_damped_second_order,0.17422528564929962
ood_test,3839,lightly_damped_second_order,0.08186229318380356
ood_test,3904,lightly_damped_second_order,0.28176793456077576
ood_test,3906,lightly_damped_second_order,0.09014687687158585
ood_test,3907,lightly_damped_second_order,0.07381926476955414
ood_test,3908,lightly_damped_second_order,0.34584322571754456
ood_test,3909,lightly_damped_second_order,0.254473477602005
ood_test,3910,lightly_damped_second_order,0.23705096542835236
ood_test,3912,lightly_damped_second_order,0.5069637298583984
ood_test,3913,lightly_damped_second_order,0.28637388348579407
ood_test,3915,lightly_damped_second_order,0.5251151919364929
ood_test,3916,lightly_damped_second_order,0.24624495208263397
ood_test,3985,lightly_damped_second_order,0.04893074184656143
ood_test,3986,lightly_damped_second_order,0.07075721025466919
ood_test,3987,lightly_damped_second_order,0.08380898088216782
ood_test,3991,lightly_damped_second_order,0.19390089809894562
ood_test,3992,lightly_damped_second_order,0.160859614610672
ood_test,3999,lightly_damped_second_order,0.15612828731536865
ood_test,4048,lightly_damped_second_order,0.10603770613670349
ood_test,4049,lightly_damped_second_order,0.0380578450858593
ood_test,4050,lightly_damped_second_order,0.059542905539274216
ood_test,4052,lightly_damped_second_order,0.11280420422554016
ood_test,4053,lightly_damped_second_order,0.12012729793787003
ood_test,4054,lightly_damped_second_order,0.0900905504822731
ood_test,4055,lightly_damped_second_order,0.11198761314153671
ood_test,4062,lightly_damped_second_order,0.06413985043764114
ood_test,4256,lightly_damped_second_order,0.06358655542135239
ood_test,4257,lightly_damped_second_order,0.1347290426492691
ood_test,4258,lightly_damped_second_order,0.06796158850193024
ood_test,4259,lightly_damped_second_order,0.05745946615934372
ood_test,4260,lightly_damped_second_order,0.13358385860919952
ood_test,4261,lightly_damped_second_order,0.08456671237945557
ood_test,4262,lightly_damped_second_order,0.06399596482515335
ood_test,4266,lightly_damped_second_order,0.23654568195343018
ood_test,4267,lightly_damped_second_order,0.45751118659973145
ood_test,4269,lightly_damped_second_order,0.4096471667289734
ood_test,4271,lightly_damped_second_order,0.24075549840927124
ood_test,4272,lightly_damped_second_order,0.3782828748226166
ood_test,4273,lightly_damped_second_order,0.22281377017498016
ood_test,4274,lightly_damped_second_order,0.17742963135242462
ood_test,4275,lightly_damped_second_order,0.10393678396940231
ood_test,4276,lightly_damped_second_order,0.13282674551010132
ood_test,4278,lightly_damped_second_order,0.551045298576355
ood_test,4279,lightly_damped_second_order,0.07956209033727646
ood_test,4322,lightly_damped_second_order,0.10940932482481003
ood_test,4326,lightly_damped_second_order,0.12153934687376022
ood_test,4327,lightly_damped_second_order,0.057683151215314865
ood_test,4330,lightly_damped_second_order,0.24558956921100616
ood_test,4331,lightly_damped_second_order,0.22101876139640808
ood_test,4332,lightly_damped_second_order,0.24084053933620453
ood_test,4333,lightly_damped_second_order,0.1873081773519516
ood_test,4384,lightly_damped_second_order,0.07046732306480408
ood_test,4385,lightly_damped_second_order,0.10439322888851166
ood_test,4386,lightly_damped_second_order,0.1314077228307724
ood_test,4387,lightly_damped_second_order,0.07948020100593567
ood_test,4388,lightly_damped_second_order,0.0609130896627903
ood_test,4389,lightly_damped_second_order,0.06849895417690277
ood_test,4390,lightly_damped_second_order,0.13826629519462585
ood_test,4391,lightly_damped_second_order,0.0756087526679039
ood_test,4392,lightly_damped_second_order,0.048775989562273026
ood_test,4393,lightly_damped_second_order,0.0816422551870346
ood_test,4394,lightly_damped_second_order,0.057133011519908905
ood_test,4395,lightly_damped_second_order,0.05062760040163994
ood_test,4396,lightly_damped_second_order,0.05901329219341278
ood_test,4397,lightly_damped_second_order,0.09573876112699509
ood_test,4398,lightly_damped_second_order,0.07347483932971954
ood_test,4399,lightly_damped_second_order,0.07285372912883759
ood_test,4448,lightly_damped_second_order,0.18251115083694458
ood_test,4449,lightly_damped_second_order,0.10539733618497849
ood_test,4450,lightly_damped_second_order,0.05424113944172859
ood_test,4451,lightly_damped_second_order,0.04273943975567818
ood_test,4452,lightly_damped_second_order,0.0700349360704422
ood_test,4453,lightly_damped_second_order,0.08036921918392181
ood_test,4454,lightly_damped_second_order,0.10719186067581177
ood_test,4455,lightly_damped_second_order,0.04386543855071068
ood_test,4456,lightly_damped_second_order,0.30477285385131836
ood_test,4457,lightly_damped_second_order,0.13494911789894104
ood_test,4458,lightly_damped_second_order,0.05979914590716362
ood_test,4462,lightly_damped_second_order,0.4540538191795349
ood_test,4464,lightly_damped_second_order,0.12066575884819031
ood_test,4465,lightly_damped_second_order,0.0852978453040123
ood_test,4466,lightly_damped_second_order,0.13995850086212158
ood_test,4467,lightly_damped_second_order,0.07163360714912415
ood_test,4468,lightly_damped_second_order,0.07500111311674118
ood_test,4469,lightly_damped_second_order,0.13434523344039917
ood_test,4470,lightly_damped_second_order,0.06551653891801834
ood_test,4471,lightly_damped_second_order,0.052628256380558014
ood_test,4472,lightly_damped_second_order,0.05714641883969307
ood_test,4473,lightly_damped_second_order,0.10906501859426498
ood_test,4474,lightly_damped_second_order,0.030941562727093697
ood_test,4475,lightly_damped_second_order,0.06788170337677002
ood_test,4476,lightly_damped_second_order,0.061956264078617096
ood_test,4477,lightly_damped_second_order,0.0720849335193634
ood_test,4478,lightly_damped_second_order,0.16848349571228027
ood_test,4479,lightly_damped_second_order,0.0813155546784401
ood_test,4624,lightly_damped_second_order,0.048914916813373566
ood_test,4625,lightly_damped_second_order,0.03566327691078186
ood_test,4626,lightly_damped_second_order,0.05690984055399895
ood_test,4627,lightly_damped_second_order,0.10190297663211823
ood_test,4628,lightly_damped_second_order,0.0450383685529232
ood_test,4629,lightly_damped_second_order,0.035214345902204514
ood_test,4630,lightly_damped_second_order,0.05189864709973335
ood_test,4631,lightly_damped_second_order,0.07213019579648972
ood_test,4633,lightly_damped_second_order,0.23000508546829224
ood_test,4635,lightly_damped_second_order,0.2644480764865875
ood_test,4636,lightly_damped_second_order,0.2817261815071106
ood_test,4637,lightly_damped_second_order,0.3412947356700897
ood_test,4639,lightly_damped_second_order,0.2852667272090912
ood_test,4720,lightly_damped_second_order,0.08133844286203384
ood_test,4721,lightly_damped_second_order,0.3756560981273651
ood_test,4723,lightly_damped_second_order,0.05964600667357445
ood_test,4724,lightly_damped_second_order,0.2549963891506195
ood_test,4725,lightly_damped_second_order,0.1334545612335205
ood_test,4726,lightly_damped_second_order,0.04442506656050682
ood_test,4730,lightly_damped_second_order,0.175171360373497
ood_test,4733,lightly_damped_second_order,0.160186305642128
ood_test,4734,lightly_damped_second_order,0.16606129705905914
ood_test,4735,lightly_damped_second_order,0.18034547567367554
ood_test,4752,lightly_damped_second_order,0.046472106128931046
ood_test,4753,lightly_damped_second_order,0.10106446593999863
ood_test,4754,lightly_damped_second_order,0.39813950657844543
ood_test,4755,lightly_damped_second_order,0.05343177542090416
ood_test,4756,lightly_damped_second_order,0.3398914337158203
ood_test,4758,lightly_damped_second_order,0.2775222957134247
ood_test,4759,lightly_damped_second_order,0.09823138266801834
ood_test,4760,lightly_damped_second_order,0.2045176923274994
ood_test,4763,lightly_damped_second_order,0.3483334481716156
ood_test,4764,lightly_damped_second_order,0.28962093591690063
ood_test,4765,lightly_damped_second_order,0.4579539895057678
ood_test,4766,lightly_damped_second_order,0.3331546485424042
ood_test,5216,lightly_damped_second_order,0.2707318365573883
ood_test,5217,lightly_damped_second_order,0.08126261085271835
ood_test,5220,lightly_damped_second_order,0.06422892957925797
ood_test,5221,lightly_damped_second_order,0.05503717064857483
ood_test,5222,lightly_damped_second_order,0.26262715458869934
ood_test,5223,lightly_damped_second_order,0.26715099811553955
ood_test,5226,lightly_damped_second_order,0.20401059091091156
ood_test,5227,lightly_damped_second_order,0.19377082586288452
ood_test,5228,lightly_damped_second_order,0.1584615856409073
ood_test,5229,lightly_damped_second_order,0.21102562546730042
ood_test,5328,lightly_damped_second_order,0.3411794900894165
ood_test,5329,lightly_damped_second_order,0.08201323449611664
ood_test,5330,lightly_damped_second_order,0.2200719714164734
ood_test,5332,lightly_damped_second_order,0.23034220933914185
ood_test,5333,lightly_damped_second_order,0.08246421813964844
ood_test,5334,lightly_damped_second_order,0.06894776225090027
ood_test,5335,lightly_damped_second_order,0.07042473554611206
ood_test,5337,lightly_damped_second_order,0.11653290688991547
ood_test,5339,lightly_damped_second_order,0.4998498558998108
ood_test,5340,lightly_damped_second_order,0.44208231568336487
ood_test,5408,lightly_damped_second_order,0.04832945391535759
ood_test,5409,lightly_damped_second_order,0.3351794481277466
ood_test,5410,lightly_damped_second_order,0.09069399535655975
ood_test,5411,lightly_damped_second_order,0.20131395757198334
ood_test,5412,lightly_damped_second_order,0.06809917837381363
ood_test,5413,lightly_damped_second_order,0.05208763852715492
ood_test,5414,lightly_damped_second_order,0.03919783979654312
ood_test,5415,lightly_damped_second_order,0.05812426656484604
ood_test,5416,lightly_damped_second_order,0.08933617174625397
ood_test,5417,lightly_damped_second_order,0.053801704198122025
ood_test,5418,lightly_damped_second_order,0.04698178917169571
ood_test,5419,lightly_damped_second_order,0.04354001581668854
ood_test,5420,lightly_damped_second_order,0.045956388115882874
ood_test,5421,lightly_damped_second_order,0.053873296827077866
ood_test,5422,lightly_damped_second_order,0.045967381447553635
ood_test,5423,lightly_damped_second_order,0.03140784427523613
ood_test,5424,lightly_damped_second_order,0.09098920971155167
ood_test,5426,lightly_damped_second_order,0.15364527702331543
ood_test,5428,lightly_damped_second_order,0.23134374618530273
ood_test,5430,lightly_damped_second_order,0.22943490743637085
ood_test,5431,lightly_damped_second_order,0.08710391074419022
ood_test,5435,lightly_damped_second_order,0.24438177049160004
ood_test,5436,lightly_damped_second_order,0.241949662566185
ood_test,5437,lightly_damped_second_order,0.22123487293720245
ood_test,5456,lightly_damped_second_order,0.07055807113647461
ood_test,5458,lightly_damped_second_order,0.06579457968473434
ood_test,5459,lightly_damped_second_order,0.21194088459014893
ood_test,5460,lightly_damped_second_order,0.09381411969661713
ood_test,5461,lightly_damped_second_order,0.24074114859104156
ood_test,5462,lightly_damped_second_order,0.14395761489868164
ood_test,5463,lightly_damped_second_order,0.06363936513662338
ood_test,5464,lightly_damped_second_order,0.38581737875938416
ood_test,5466,lightly_damped_second_order,0.40306466817855835
ood_test,5467,lightly_damped_second_order,0.3390936553478241
ood_test,5468,lightly_damped_second_order,0.3506670296192169
ood_test,5469,lightly_damped_second_order,0.3176964819431305
ood_test,5471,lightly_damped_second_order,0.231858029961586
ood_test,5728,lightly_damped_second_order,0.08223847299814224
ood_test,5729,lightly_damped_second_order,0.10725829750299454
ood_test,5730,lightly_damped_second_order,0.2934775948524475
ood_test,5731,lightly_damped_second_order,0.11544840037822723
ood_test,5733,lightly_damped_second_order,0.32846614718437195
ood_test,5734,lightly_damped_second_order,0.2595135569572449
ood_test,5735,lightly_damped_second_order,0.1256229430437088
ood_test,5736,lightly_damped_second_order,0.35681405663490295
ood_test,5737,lightly_damped_second_order,0.402667373418808
ood_test,5738,lightly_damped_second_order,0.3157486021518707
ood_test,5741,lightly_damped_second_order,0.4315994381904602
ood_test,5743,lightly_damped_second_order,0.3986089527606964
